Company Name,Website URL,Industry Sector,Country / Region,Email Address
HubSpot,https://hubspot.com,Marketing SaaS,United States (US),contact@hubspot.com
Mailchimp,https://mailchimp.com,Marketing SaaS,United States (US),contact@mailchimp.com
Salesforce,https://salesforce.com,CRM SaaS,United States (US),contact@salesforce.com
Zendesk,https://zendesk.com,Customer Support SaaS,United States (US),contact@zendesk.com
Slack,https://slack.com,Collaboration SaaS,United States (US),contact@slack.com
Asana,https://asana.com,Project Management SaaS,United States (US),contact@asana.com
Dropbox,https://dropbox.com,Cloud Storage SaaS,United States (US),contact@dropbox.com
Trello,https://trello.com,Project Management SaaS,United States (US),contact@trello.com
SurveyMonkey,https://surveymonkey.com,Survey SaaS,United States (US),contact@surveymonkey.com
Freshworks,https://freshworks.com,Customer Support SaaS,United States (US),contact@freshworks.com
Intercom,https://intercom.com,Customer Messaging SaaS,United States (US),contact@intercom.com
Notion,https://notion.so,Productivity SaaS,United States (US),contact@notion.so
Monday.com,https://monday.com,Project Management SaaS,Israel,contact@monday.com
ClickUp,https://clickup.com,Project Management SaaS,United States (US),contact@clickup.com
Airtable,https://airtable.com,Database SaaS,United States (US),contact@airtable.com
Typeform,https://typeform.com,Forms SaaS,Spain,contact@typeform.com
Zoom,https://zoom.us,Video Conferencing SaaS,United States (US),contact@zoom.us
Shopify,https://shopify.com,E-commerce SaaS,Canada,contact@shopify.com
Wix,https://wix.com,Website Builder SaaS,Israel,contact@wix.com
Squarespace,https://squarespace.com,Website Builder SaaS,United States (US),contact@squarespace.com
